[
{
  "model": "foodcartapp.restaurant",
  "pk": 1,
  "fields": {
    "name": "Star Gurger Арбат",
    "address": "Москва, ул. Новый Арбат, 15",
    "contact_phone": "+7 (967) 157-44-13"
  }
},
{
  "model": "foodcartapp.restaurant",
  "pk": 2,
  "fields": {
    "name": "Star Gurger Цветной",
    "address": "Москва, Цветной бульвар, 11с2",
    "contact_phone": "+7 (929) 949-55-36"
  }
},
{
  "model": "foodcartapp.restaurant",
  "pk": 3,
  "fields": {
    "name": "Star Gurger Европейский",
    "address": "Москва, пл. Киевского Вокзала, 2",
    "contact_phone": "+7 (929) 680-47-58"
  }
},
{
  "model": "foodcartapp.productcategory",
  "pk": 1,
  "fields": {
    "name": "Бургер"
  }
},
{
  "model": "foodcartapp.product",
  "pk": 1,
  "fields": {
    "name": "Стейкхаус",
    "category": 1,
    "price": "269.00",
    "image": "steak_7ppaNuF.jpg",
    "special_status": false,
    "description": "Стейкхаус – это сочетание нашей фирменной, приготовленной на огне 100% говядины с ломтиками бекона и соусом «Барбекю», майонезом, листьями свежего салата, помидором и хрустящим луком на воздушной було"
  }
},
{
  "model": "foodcartapp.product",
  "pk": 2,
  "fields": {
    "name": "Лонг Чизбургер",
    "category": 1,
    "price": "219.00",
    "image": "long_chiz_7hWpAX2.jpg",
    "special_status": false,
    "description": "Лонг Чиз пойдет"
  }
},
{
  "model": "foodcartapp.product",
  "pk": 3,
  "fields": {
    "name": "Тройной Воппер",
    "category": 1,
    "price": "12121.00",
    "image": "triple_vopper_BAw2LVU.jpg",
    "special_status": false,
    "description": "Тройной воппер пойдет"
  }
},
{
  "model": "foodcartapp.product",
  "pk": 4,
  "fields": {
    "name": "Беконайзер",
    "category": 1,
    "price": "319.00",
    "image": "beconizer_fIJ8wyR.jpg",
    "special_status": false,
    "description": "Беконайзер пойдет"
  }
},
{
  "model": "foodcartapp.product",
  "pk": 5,
  "fields": {
    "name": "Фиш Ролл",
    "category": 1,
    "price": "199.00",
    "image": "fish_roll_XFCcADG.jpg",
    "special_status": false,
    "description": "Фиш ролл пойдет"
  }
},
{
  "model": "foodcartapp.product",
  "pk": 6,
  "fields": {
    "name": "Шримп Ролл",
    "category": 1,
    "price": "209.00",
    "image": "shrimp_roll_LDq3ocM.jpg",
    "special_status": false,
    "description": "Шрим ролл пойдет"
  }
},
{
  "model": "foodcartapp.restaurantmenuitem",
  "pk": 1,
  "fields": {
    "restaurant": 1,
    "product": 1,
    "availability": true
  }
},
{
  "model": "foodcartapp.restaurantmenuitem",
  "pk": 2,
  "fields": {
    "restaurant": 1,
    "product": 2,
    "availability": true
  }
},
{
  "model": "foodcartapp.restaurantmenuitem",
  "pk": 3,
  "fields": {
    "restaurant": 1,
    "product": 3,
    "availability": true
  }
},
{
  "model": "foodcartapp.restaurantmenuitem",
  "pk": 4,
  "fields": {
    "restaurant": 1,
    "product": 4,
    "availability": true
  }
},
{
  "model": "foodcartapp.restaurantmenuitem",
  "pk": 5,
  "fields": {
    "restaurant": 1,
    "product": 5,
    "availability": true
  }
},
{
  "model": "foodcartapp.restaurantmenuitem",
  "pk": 6,
  "fields": {
    "restaurant": 1,
    "product": 6,
    "availability": true
  }
},
{
  "model": "foodcartapp.restaurantmenuitem",
  "pk": 7,
  "fields": {
    "restaurant": 2,
    "product": 1,
    "availability": true
  }
},
{
  "model": "foodcartapp.restaurantmenuitem",
  "pk": 8,
  "fields": {
    "restaurant": 2,
    "product": 2,
    "availability": true
  }
},
{
  "model": "foodcartapp.restaurantmenuitem",
  "pk": 9,
  "fields": {
    "restaurant": 2,
    "product": 3,
    "availability": true
  }
},
{
  "model": "foodcartapp.restaurantmenuitem",
  "pk": 10,
  "fields": {
    "restaurant": 2,
    "product": 4,
    "availability": true
  }
},
{
  "model": "foodcartapp.restaurantmenuitem",
  "pk": 11,
  "fields": {
    "restaurant": 2,
    "product": 5,
    "availability": true
  }
},
{
  "model": "foodcartapp.restaurantmenuitem",
  "pk": 12,
  "fields": {
    "restaurant": 2,
    "product": 6,
    "availability": true
  }
},
{
  "model": "foodcartapp.restaurantmenuitem",
  "pk": 13,
  "fields": {
    "restaurant": 3,
    "product": 1,
    "availability": true
  }
},
{
  "model": "foodcartapp.restaurantmenuitem",
  "pk": 14,
  "fields": {
    "restaurant": 3,
    "product": 2,
    "availability": true
  }
},
{
  "model": "foodcartapp.restaurantmenuitem",
  "pk": 15,
  "fields": {
    "restaurant": 3,
    "product": 3,
    "availability": true
  }
},
{
  "model": "foodcartapp.restaurantmenuitem",
  "pk": 16,
  "fields": {
    "restaurant": 3,
    "product": 4,
    "availability": true
  }
},
{
  "model": "foodcartapp.restaurantmenuitem",
  "pk": 17,
  "fields": {
    "restaurant": 3,
    "product": 5,
    "availability": true
  }
},
{
  "model": "foodcartapp.restaurantmenuitem",
  "pk": 18,
  "fields": {
    "restaurant": 3,
    "product": 6,
    "availability": true
  }
},
{
  "model": "foodcartapp.order",
  "pk": 14,
  "fields": {
    "status": "Raw",
    "firstname": "тест12",
    "lastname": "темт",
    "phonenumber": "+77052227351",
    "address": "Киев",
    "registered_at": "2025-10-09T19:57:00Z",
    "called_at": null,
    "delivered_at": null,
    "payment_method": "Cash",
    "comment": "",
    "restaurant": null
  }
},
{
  "model": "foodcartapp.order",
  "pk": 15,
  "fields": {
    "status": "Raw",
    "firstname": "тест12",
    "lastname": "темт",
    "phonenumber": "+77052227351",
    "address": "Москва, ул. Новый Арбат, 15",
    "registered_at": "2025-10-09T19:57:00.542Z",
    "called_at": null,
    "delivered_at": null,
    "payment_method": "Cash",
    "comment": "",
    "restaurant": null
  }
},
{
  "model": "foodcartapp.order",
  "pk": 20,
  "fields": {
    "status": "Raw",
    "firstname": "Иван",
    "lastname": "Петров",
    "phonenumber": "+79291000000",
    "address": "Москва",
    "registered_at": "2025-10-09T19:57:00.542Z",
    "called_at": null,
    "delivered_at": null,
    "payment_method": "Cash",
    "comment": "",
    "restaurant": null
  }
},
{
  "model": "foodcartapp.order",
  "pk": 21,
  "fields": {
    "status": "Raw",
    "firstname": "Иван",
    "lastname": "Петров",
    "phonenumber": "+79291000000",
    "address": "Москва",
    "registered_at": "2025-10-09T19:57:00.542Z",
    "called_at": null,
    "delivered_at": null,
    "payment_method": "Cash",
    "comment": "",
    "restaurant": null
  }
},
{
  "model": "foodcartapp.order",
  "pk": 23,
  "fields": {
    "status": "Raw",
    "firstname": "Albariyev",
    "lastname": "Amirzhan",
    "phonenumber": "+77052227351",
    "address": "Москва, ул. Новый Арбат, 15",
    "registered_at": "2025-10-09T19:57:00.542Z",
    "called_at": null,
    "delivered_at": null,
    "payment_method": "Cash",
    "comment": "",
    "restaurant": null
  }
},
{
  "model": "foodcartapp.order",
  "pk": 24,
  "fields": {
    "status": "Raw",
    "firstname": "Albariyev",
    "lastname": "Amirzhan",
    "phonenumber": "+77052227351",
    "address": "Москва, ул. Новый Арбат, 15",
    "registered_at": "2025-10-09T19:57:00.542Z",
    "called_at": null,
    "delivered_at": null,
    "payment_method": "Cash",
    "comment": "",
    "restaurant": null
  }
},
{
  "model": "foodcartapp.order",
  "pk": 26,
  "fields": {
    "status": "Raw",
    "firstname": "Albariyev",
    "lastname": "Amirzhan",
    "phonenumber": "+77052227351",
    "address": "Москва, ул. Новый Арбат, 15",
    "registered_at": "2025-10-09T19:57:00.542Z",
    "called_at": null,
    "delivered_at": null,
    "payment_method": "Cash",
    "comment": "",
    "restaurant": null
  }
},
{
  "model": "foodcartapp.order",
  "pk": 51,
  "fields": {
    "status": "Raw",
    "firstname": "testing",
    "lastname": "Amirzhan",
    "phonenumber": "+77052227351",
    "address": "Москва, Цветной бульвар, 11с2",
    "registered_at": "2025-10-09T19:57:00.542Z",
    "called_at": null,
    "delivered_at": null,
    "payment_method": "Cash",
    "comment": "",
    "restaurant": null
  }
},
{
  "model": "foodcartapp.order",
  "pk": 52,
  "fields": {
    "status": "Raw",
    "firstname": "Albariyev",
    "lastname": "тест",
    "phonenumber": "+77777777777",
    "address": "Москва, пл. Киевского Вокзала, 2",
    "registered_at": "2025-10-09T19:57:00.542Z",
    "called_at": null,
    "delivered_at": null,
    "payment_method": "Cash",
    "comment": "",
    "restaurant": null
  }
},
{
  "model": "foodcartapp.order",
  "pk": 53,
  "fields": {
    "status": "Raw",
    "firstname": "name",
    "lastname": "qwq",
    "phonenumber": "+77052227351",
    "address": "Москва, пл. Киевского Вокзала, 2",
    "registered_at": "2025-10-09T19:57:00.542Z",
    "called_at": null,
    "delivered_at": null,
    "payment_method": "Cash",
    "comment": "",
    "restaurant": null
  }
},
{
  "model": "foodcartapp.orderitem",
  "pk": 11,
  "fields": {
    "order": 23,
    "product": 3,
    "quantity": 1,
    "price": "0.00"
  }
},
{
  "model": "foodcartapp.orderitem",
  "pk": 12,
  "fields": {
    "order": 24,
    "product": 3,
    "quantity": 1,
    "price": "0.00"
  }
},
{
  "model": "foodcartapp.orderitem",
  "pk": 14,
  "fields": {
    "order": 26,
    "product": 3,
    "quantity": 1,
    "price": "0.00"
  }
},
{
  "model": "foodcartapp.orderitem",
  "pk": 23,
  "fields": {
    "order": 51,
    "product": 2,
    "quantity": 1,
    "price": "0.00"
  }
},
{
  "model": "foodcartapp.orderitem",
  "pk": 24,
  "fields": {
    "order": 52,
    "product": 3,
    "quantity": 1,
    "price": "0.00"
  }
},
{
  "model": "foodcartapp.orderitem",
  "pk": 25,
  "fields": {
    "order": 52,
    "product": 2,
    "quantity": 1,
    "price": "0.00"
  }
},
{
  "model": "foodcartapp.orderitem",
  "pk": 26,
  "fields": {
    "order": 52,
    "product": 1,
    "quantity": 1,
    "price": "0.00"
  }
},
{
  "model": "foodcartapp.orderitem",
  "pk": 27,
  "fields": {
    "order": 53,
    "product": 3,
    "quantity": 1,
    "price": "369.00"
  }
},
{
  "model": "foodcartapp.orderitem",
  "pk": 28,
  "fields": {
    "order": 53,
    "product": 2,
    "quantity": 1,
    "price": "219.00"
  }
},
{
  "model": "place.place",
  "pk": 1,
  "fields": {
    "address_place": "Москва, ул. Новый Арбат, 15",
    "lat": "55.75",
    "lon": "37.59",
    "request_date": "2025-10-13"
  }
},
{
  "model": "place.place",
  "pk": 2,
  "fields": {
    "address_place": "Москва, Цветной бульвар, 11с2",
    "lat": "55.77",
    "lon": "37.62",
    "request_date": "2025-10-13"
  }
},
{
  "model": "place.place",
  "pk": 3,
  "fields": {
    "address_place": "Москва, пл. Киевского Вокзала, 2",
    "lat": "55.74",
    "lon": "37.57",
    "request_date": "2025-10-13"
  }
},
{
  "model": "place.place",
  "pk": 4,
  "fields": {
    "address_place": "Москва",
    "lat": "55.76",
    "lon": "37.62",
    "request_date": "2025-10-18"
  }
},
{
  "model": "place.place",
  "pk": 5,
  "fields": {
    "address_place": "Киев",
    "lat": "50.45",
    "lon": "30.52",
    "request_date": "2025-10-20"
  }
},
{
  "model": "contenttypes.contenttype",
  "fields": {
    "app_label": "foodcartapp",
    "model": "product"
  }
},
{
  "model": "contenttypes.contenttype",
  "fields": {
    "app_label": "foodcartapp",
    "model": "restaurant"
  }
},
{
  "model": "contenttypes.contenttype",
  "fields": {
    "app_label": "foodcartapp",
    "model": "restaurantmenuitem"
  }
},
{
  "model": "contenttypes.contenttype",
  "fields": {
    "app_label": "foodcartapp",
    "model": "productcategory"
  }
},
{
  "model": "contenttypes.contenttype",
  "fields": {
    "app_label": "admin",
    "model": "logentry"
  }
},
{
  "model": "contenttypes.contenttype",
  "fields": {
    "app_label": "auth",
    "model": "permission"
  }
},
{
  "model": "contenttypes.contenttype",
  "fields": {
    "app_label": "auth",
    "model": "group"
  }
},
{
  "model": "contenttypes.contenttype",
  "fields": {
    "app_label": "auth",
    "model": "user"
  }
},
{
  "model": "contenttypes.contenttype",
  "fields": {
    "app_label": "contenttypes",
    "model": "contenttype"
  }
},
{
  "model": "contenttypes.contenttype",
  "fields": {
    "app_label": "sessions",
    "model": "session"
  }
},
{
  "model": "contenttypes.contenttype",
  "fields": {
    "app_label": "foodcartapp",
    "model": "orderitem"
  }
},
{
  "model": "contenttypes.contenttype",
  "fields": {
    "app_label": "foodcartapp",
    "model": "order"
  }
},
{
  "model": "contenttypes.contenttype",
  "fields": {
    "app_label": "place",
    "model": "place"
  }
},
{
  "model": "sessions.session",
  "pk": "3ph1h15fcjkg0mmddvflmg5swfkxbaqw",
  "fields": {
    "session_data": ".eJxVjMEOwiAQRP-FsyGFAhWP3v0GsssuUjWQlPZk_Hdp0oMmc3rzZt4iwLbmsDVewkziIpQ4_TKE-OSyF_SAcq8y1rIuM8pdkUfb5K0Sv66H-3eQoeW-TqMlR0mjdzSR8UZNCiyDdYPVhrFT5jToHhU9au3RQ2KbvBuNMmfx-QLsQzfg:1v8lEr:zwCHiaLcyXNeh15pCZZ_27R4fv5szwG3FNAscMKv2Ms",
    "expire_date": "2025-10-28T20:03:17.986Z"
  }
},
{
  "model": "sessions.session",
  "pk": "57mhprzw8cc9110mu8bcb0o8idc7pgez",
  "fields": {
    "session_data": ".eJxVjMEOwiAQRP-FsyGFAhWP3v0GsssuUjWQlPZk_Hdp0oMmc3rzZt4iwLbmsDVewkziIpQ4_TKE-OSyF_SAcq8y1rIuM8pdkUfb5K0Sv66H-3eQoeW-TqMlR0mjdzSR8UZNCiyDdYPVhrFT5jToHhU9au3RQ2KbvBuNMmfx-QLsQzfg:1tsjEs:-MexPnLmtXzRH_12Y1NKMt4jvyVty3E4Swr-dtqwzV0",
    "expire_date": "2025-03-27T14:08:46.864Z"
  }
},
{
  "model": "sessions.session",
  "pk": "dhtkpy7k7vm7a6n403xxcmz32ga6nf9e",
  "fields": {
    "session_data": ".eJxVjMEOwiAQRP-FsyGFAhWP3v0GsssuUjWQlPZk_Hdp0oMmc3rzZt4iwLbmsDVewkziIpQ4_TKE-OSyF_SAcq8y1rIuM8pdkUfb5K0Sv66H-3eQoeW-TqMlR0mjdzSR8UZNCiyDdYPVhrFT5jToHhU9au3RQ2KbvBuNMmfx-QLsQzfg:1uMP5p:nV6keAvYDPm9rTWvXZVdHZ8L0EWBEhPDSPWuDFTRlyg",
    "expire_date": "2025-06-17T10:42:05.558Z"
  }
},
{
  "model": "sessions.session",
  "pk": "m197u1vg50um2phd9k23xas5eu0a2pz8",
  "fields": {
    "session_data": ".eJxVjMEOwiAQRP-FsyGFAhWP3v0GsssuUjWQlPZk_Hdp0oMmc3rzZt4iwLbmsDVewkziIpQ4_TKE-OSyF_SAcq8y1rIuM8pdkUfb5K0Sv66H-3eQoeW-TqMlR0mjdzSR8UZNCiyDdYPVhrFT5jToHhU9au3RQ2KbvBuNMmfx-QLsQzfg:1v3Vo7:vuGoeq4owHo3we-eu8EabOP5K6uTP2tAtE8EAKmv2_M",
    "expire_date": "2025-10-14T08:33:59.925Z"
  }
},
{
  "model": "sessions.session",
  "pk": "qgsecaquzm2lyn51kx4dftmijkbjv5po",
  "fields": {
    "session_data": ".eJxVjMEOwiAQRP-FsyGFAhWP3v0GsssuUjWQlPZk_Hdp0oMmc3rzZt4iwLbmsDVewkziIpQ4_TKE-OSyF_SAcq8y1rIuM8pdkUfb5K0Sv66H-3eQoeW-TqMlR0mjdzSR8UZNCiyDdYPVhrFT5jToHhU9au3RQ2KbvBuNMmfx-QLsQzfg:1vADnU:5EUho03n4tNtnYfJDiM3Zd_jWCfRY6V8L80J0sBCHLI",
    "expire_date": "2025-11-01T20:45:04.400Z"
  }
},
{
  "model": "sessions.session",
  "pk": "ugcj7nepqjcaylhdff8h4b6aioy7oqmi",
  "fields": {
    "session_data": ".eJxVjMEOwiAQRP-FsyGFAhWP3v0GsssuUjWQlPZk_Hdp0oMmc3rzZt4iwLbmsDVewkziIpQ4_TKE-OSyF_SAcq8y1rIuM8pdkUfb5K0Sv66H-3eQoeW-TqMlR0mjdzSR8UZNCiyDdYPVhrFT5jToHhU9au3RQ2KbvBuNMmfx-QLsQzfg:1vADnV:lKwC5u0XI8QYcRqOgOhchs93LfuBKPYHT1ttpPj2B8c",
    "expire_date": "2025-11-01T20:45:05.129Z"
  }
},
{
  "model": "auth.permission",
  "fields": {
    "name": "Can add товар",
    "content_type": [
      "foodcartapp",
      "product"
    ],
    "codename": "add_product"
  }
},
{
  "model": "auth.permission",
  "fields": {
    "name": "Can change товар",
    "content_type": [
      "foodcartapp",
      "product"
    ],
    "codename": "change_product"
  }
},
{
  "model": "auth.permission",
  "fields": {
    "name": "Can delete товар",
    "content_type": [
      "foodcartapp",
      "product"
    ],
    "codename": "delete_product"
  }
},
{
  "model": "auth.permission",
  "fields": {
    "name": "Can view товар",
    "content_type": [
      "foodcartapp",
      "product"
    ],
    "codename": "view_product"
  }
},
{
  "model": "auth.permission",
  "fields": {
    "name": "Can add ресторан",
    "content_type": [
      "foodcartapp",
      "restaurant"
    ],
    "codename": "add_restaurant"
  }
},
{
  "model": "auth.permission",
  "fields": {
    "name": "Can change ресторан",
    "content_type": [
      "foodcartapp",
      "restaurant"
    ],
    "codename": "change_restaurant"
  }
},
{
  "model": "auth.permission",
  "fields": {
    "name": "Can delete ресторан",
    "content_type": [
      "foodcartapp",
      "restaurant"
    ],
    "codename": "delete_restaurant"
  }
},
{
  "model": "auth.permission",
  "fields": {
    "name": "Can view ресторан",
    "content_type": [
      "foodcartapp",
      "restaurant"
    ],
    "codename": "view_restaurant"
  }
},
{
  "model": "auth.permission",
  "fields": {
    "name": "Can add пункт меню ресторана",
    "content_type": [
      "foodcartapp",
      "restaurantmenuitem"
    ],
    "codename": "add_restaurantmenuitem"
  }
},
{
  "model": "auth.permission",
  "fields": {
    "name": "Can change пункт меню ресторана",
    "content_type": [
      "foodcartapp",
      "restaurantmenuitem"
    ],
    "codename": "change_restaurantmenuitem"
  }
},
{
  "model": "auth.permission",
  "fields": {
    "name": "Can delete пункт меню ресторана",
    "content_type": [
      "foodcartapp",
      "restaurantmenuitem"
    ],
    "codename": "delete_restaurantmenuitem"
  }
},
{
  "model": "auth.permission",
  "fields": {
    "name": "Can view пункт меню ресторана",
    "content_type": [
      "foodcartapp",
      "restaurantmenuitem"
    ],
    "codename": "view_restaurantmenuitem"
  }
},
{
  "model": "auth.permission",
  "fields": {
    "name": "Can add категория",
    "content_type": [
      "foodcartapp",
      "productcategory"
    ],
    "codename": "add_productcategory"
  }
},
{
  "model": "auth.permission",
  "fields": {
    "name": "Can change категория",
    "content_type": [
      "foodcartapp",
      "productcategory"
    ],
    "codename": "change_productcategory"
  }
},
{
  "model": "auth.permission",
  "fields": {
    "name": "Can delete категория",
    "content_type": [
      "foodcartapp",
      "productcategory"
    ],
    "codename": "delete_productcategory"
  }
},
{
  "model": "auth.permission",
  "fields": {
    "name": "Can view категория",
    "content_type": [
      "foodcartapp",
      "productcategory"
    ],
    "codename": "view_productcategory"
  }
},
{
  "model": "auth.permission",
  "fields": {
    "name": "Can add log entry",
    "content_type": [
      "admin",
      "logentry"
    ],
    "codename": "add_logentry"
  }
},
{
  "model": "auth.permission",
  "fields": {
    "name": "Can change log entry",
    "content_type": [
      "admin",
      "logentry"
    ],
    "codename": "change_logentry"
  }
},
{
  "model": "auth.permission",
  "fields": {
    "name": "Can delete log entry",
    "content_type": [
      "admin",
      "logentry"
    ],
    "codename": "delete_logentry"
  }
},
{
  "model": "auth.permission",
  "fields": {
    "name": "Can view log entry",
    "content_type": [
      "admin",
      "logentry"
    ],
    "codename": "view_logentry"
  }
},
{
  "model": "auth.permission",
  "fields": {
    "name": "Can add permission",
    "content_type": [
      "auth",
      "permission"
    ],
    "codename": "add_permission"
  }
},
{
  "model": "auth.permission",
  "fields": {
    "name": "Can change permission",
    "content_type": [
      "auth",
      "permission"
    ],
    "codename": "change_permission"
  }
},
{
  "model": "auth.permission",
  "fields": {
    "name": "Can delete permission",
    "content_type": [
      "auth",
      "permission"
    ],
    "codename": "delete_permission"
  }
},
{
  "model": "auth.permission",
  "fields": {
    "name": "Can view permission",
    "content_type": [
      "auth",
      "permission"
    ],
    "codename": "view_permission"
  }
},
{
  "model": "auth.permission",
  "fields": {
    "name": "Can add group",
    "content_type": [
      "auth",
      "group"
    ],
    "codename": "add_group"
  }
},
{
  "model": "auth.permission",
  "fields": {
    "name": "Can change group",
    "content_type": [
      "auth",
      "group"
    ],
    "codename": "change_group"
  }
},
{
  "model": "auth.permission",
  "fields": {
    "name": "Can delete group",
    "content_type": [
      "auth",
      "group"
    ],
    "codename": "delete_group"
  }
},
{
  "model": "auth.permission",
  "fields": {
    "name": "Can view group",
    "content_type": [
      "auth",
      "group"
    ],
    "codename": "view_group"
  }
},
{
  "model": "auth.permission",
  "fields": {
    "name": "Can add user",
    "content_type": [
      "auth",
      "user"
    ],
    "codename": "add_user"
  }
},
{
  "model": "auth.permission",
  "fields": {
    "name": "Can change user",
    "content_type": [
      "auth",
      "user"
    ],
    "codename": "change_user"
  }
},
{
  "model": "auth.permission",
  "fields": {
    "name": "Can delete user",
    "content_type": [
      "auth",
      "user"
    ],
    "codename": "delete_user"
  }
},
{
  "model": "auth.permission",
  "fields": {
    "name": "Can view user",
    "content_type": [
      "auth",
      "user"
    ],
    "codename": "view_user"
  }
},
{
  "model": "auth.permission",
  "fields": {
    "name": "Can add content type",
    "content_type": [
      "contenttypes",
      "contenttype"
    ],
    "codename": "add_contenttype"
  }
},
{
  "model": "auth.permission",
  "fields": {
    "name": "Can change content type",
    "content_type": [
      "contenttypes",
      "contenttype"
    ],
    "codename": "change_contenttype"
  }
},
{
  "model": "auth.permission",
  "fields": {
    "name": "Can delete content type",
    "content_type": [
      "contenttypes",
      "contenttype"
    ],
    "codename": "delete_contenttype"
  }
},
{
  "model": "auth.permission",
  "fields": {
    "name": "Can view content type",
    "content_type": [
      "contenttypes",
      "contenttype"
    ],
    "codename": "view_contenttype"
  }
},
{
  "model": "auth.permission",
  "fields": {
    "name": "Can add session",
    "content_type": [
      "sessions",
      "session"
    ],
    "codename": "add_session"
  }
},
{
  "model": "auth.permission",
  "fields": {
    "name": "Can change session",
    "content_type": [
      "sessions",
      "session"
    ],
    "codename": "change_session"
  }
},
{
  "model": "auth.permission",
  "fields": {
    "name": "Can delete session",
    "content_type": [
      "sessions",
      "session"
    ],
    "codename": "delete_session"
  }
},
{
  "model": "auth.permission",
  "fields": {
    "name": "Can view session",
    "content_type": [
      "sessions",
      "session"
    ],
    "codename": "view_session"
  }
},
{
  "model": "auth.permission",
  "fields": {
    "name": "Can add позиция заказа",
    "content_type": [
      "foodcartapp",
      "orderitem"
    ],
    "codename": "add_orderitem"
  }
},
{
  "model": "auth.permission",
  "fields": {
    "name": "Can change позиция заказа",
    "content_type": [
      "foodcartapp",
      "orderitem"
    ],
    "codename": "change_orderitem"
  }
},
{
  "model": "auth.permission",
  "fields": {
    "name": "Can delete позиция заказа",
    "content_type": [
      "foodcartapp",
      "orderitem"
    ],
    "codename": "delete_orderitem"
  }
},
{
  "model": "auth.permission",
  "fields": {
    "name": "Can view позиция заказа",
    "content_type": [
      "foodcartapp",
      "orderitem"
    ],
    "codename": "view_orderitem"
  }
},
{
  "model": "auth.permission",
  "fields": {
    "name": "Can add заказ",
    "content_type": [
      "foodcartapp",
      "order"
    ],
    "codename": "add_order"
  }
},
{
  "model": "auth.permission",
  "fields": {
    "name": "Can change заказ",
    "content_type": [
      "foodcartapp",
      "order"
    ],
    "codename": "change_order"
  }
},
{
  "model": "auth.permission",
  "fields": {
    "name": "Can delete заказ",
    "content_type": [
      "foodcartapp",
      "order"
    ],
    "codename": "delete_order"
  }
},
{
  "model": "auth.permission",
  "fields": {
    "name": "Can view заказ",
    "content_type": [
      "foodcartapp",
      "order"
    ],
    "codename": "view_order"
  }
},
{
  "model": "auth.permission",
  "fields": {
    "name": "Can add place",
    "content_type": [
      "place",
      "place"
    ],
    "codename": "add_place"
  }
},
{
  "model": "auth.permission",
  "fields": {
    "name": "Can change place",
    "content_type": [
      "place",
      "place"
    ],
    "codename": "change_place"
  }
},
{
  "model": "auth.permission",
  "fields": {
    "name": "Can delete place",
    "content_type": [
      "place",
      "place"
    ],
    "codename": "delete_place"
  }
},
{
  "model": "auth.permission",
  "fields": {
    "name": "Can view place",
    "content_type": [
      "place",
      "place"
    ],
    "codename": "view_place"
  }
},
{
  "model": "auth.user",
  "fields": {
    "password": "pbkdf2_sha256$600000$Hu78yKj5140dSjFvaXFnLr$GsZQ5ffE4gQoP6Fb8YEvnoP9u6SFwjqE4GQpfVpZy0E=",
    "last_login": "2025-10-18T20:45:04.992Z",
    "is_superuser": true,
    "username": "admin",
    "first_name": "",
    "last_name": "",
    "email": "",
    "is_staff": true,
    "is_active": true,
    "date_joined": "2025-03-04T14:27:26.814Z",
    "groups": [],
    "user_permissions": []
  }
},
{
  "model": "admin.logentry",
  "pk": 1,
  "fields": {
    "action_time": "2025-03-04T14:33:39.370Z",
    "user": [
      "admin"
    ],
    "content_type": [
      "foodcartapp",
      "productcategory"
    ],
    "object_id": "1",
    "object_repr": "Бургер",
    "action_flag": 1,
    "change_message": "[{\"added\": {}}]"
  }
},
{
  "model": "admin.logentry",
  "pk": 2,
  "fields": {
    "action_time": "2025-03-04T14:35:48.821Z",
    "user": [
      "admin"
    ],
    "content_type": [
      "foodcartapp",
      "product"
    ],
    "object_id": "1",
    "object_repr": "Стейкхаус",
    "action_flag": 1,
    "change_message": "[{\"added\": {}}]"
  }
},
{
  "model": "admin.logentry",
  "pk": 3,
  "fields": {
    "action_time": "2025-03-04T14:36:32.307Z",
    "user": [
      "admin"
    ],
    "content_type": [
      "foodcartapp",
      "product"
    ],
    "object_id": "2",
    "object_repr": "Лонг Чизбургер",
    "action_flag": 1,
    "change_message": "[{\"added\": {}}]"
  }
},
{
  "model": "admin.logentry",
  "pk": 4,
  "fields": {
    "action_time": "2025-03-04T14:37:20.496Z",
    "user": [
      "admin"
    ],
    "content_type": [
      "foodcartapp",
      "product"
    ],
    "object_id": "3",
    "object_repr": "Тройной Воппер",
    "action_flag": 1,
    "change_message": "[{\"added\": {}}]"
  }
},
{
  "model": "admin.logentry",
  "pk": 5,
  "fields": {
    "action_time": "2025-03-04T14:37:54.706Z",
    "user": [
      "admin"
    ],
    "content_type": [
      "foodcartapp",
      "product"
    ],
    "object_id": "4",
    "object_repr": "Беконайзер",
    "action_flag": 1,
    "change_message": "[{\"added\": {}}]"
  }
},
{
  "model": "admin.logentry",
  "pk": 6,
  "fields": {
    "action_time": "2025-03-04T14:38:27.277Z",
    "user": [
      "admin"
    ],
    "content_type": [
      "foodcartapp",
      "product"
    ],
    "object_id": "5",
    "object_repr": "Фиш Ролл",
    "action_flag": 1,
    "change_message": "[{\"added\": {}}]"
  }
},
{
  "model": "admin.logentry",
  "pk": 7,
  "fields": {
    "action_time": "2025-03-04T14:39:00.511Z",
    "user": [
      "admin"
    ],
    "content_type": [
      "foodcartapp",
      "product"
    ],
    "object_id": "6",
    "object_repr": "Шримп Ролл",
    "action_flag": 1,
    "change_message": "[{\"added\": {}}]"
  }
},
{
  "model": "admin.logentry",
  "pk": 8,
  "fields": {
    "action_time": "2025-03-04T14:40:04.292Z",
    "user": [
      "admin"
    ],
    "content_type": [
      "foodcartapp",
      "restaurant"
    ],
    "object_id": "1",
    "object_repr": "Star Gurger Арбат",
    "action_flag": 1,
    "change_message": "[{\"added\": {}}, {\"added\": {\"name\": \"\\u043f\\u0443\\u043d\\u043a\\u0442 \\u043c\\u0435\\u043d\\u044e \\u0440\\u0435\\u0441\\u0442\\u043e\\u0440\\u0430\\u043d\\u0430\", \"object\": \"Star Gurger \\u0410\\u0440\\u0431\\u0430\\u0442 - \\u0421\\u0442\\u0435\\u0439\\u043a\\u0445\\u0430\\u0443\\u0441\"}}, {\"added\": {\"name\": \"\\u043f\\u0443\\u043d\\u043a\\u0442 \\u043c\\u0435\\u043d\\u044e \\u0440\\u0435\\u0441\\u0442\\u043e\\u0440\\u0430\\u043d\\u0430\", \"object\": \"Star Gurger \\u0410\\u0440\\u0431\\u0430\\u0442 - \\u041b\\u043e\\u043d\\u0433 \\u0427\\u0438\\u0437\\u0431\\u0443\\u0440\\u0433\\u0435\\u0440\"}}, {\"added\": {\"name\": \"\\u043f\\u0443\\u043d\\u043a\\u0442 \\u043c\\u0435\\u043d\\u044e \\u0440\\u0435\\u0441\\u0442\\u043e\\u0440\\u0430\\u043d\\u0430\", \"object\": \"Star Gurger \\u0410\\u0440\\u0431\\u0430\\u0442 - \\u0422\\u0440\\u043e\\u0439\\u043d\\u043e\\u0439 \\u0412\\u043e\\u043f\\u043f\\u0435\\u0440\"}}, {\"added\": {\"name\": \"\\u043f\\u0443\\u043d\\u043a\\u0442 \\u043c\\u0435\\u043d\\u044e \\u0440\\u0435\\u0441\\u0442\\u043e\\u0440\\u0430\\u043d\\u0430\", \"object\": \"Star Gurger \\u0410\\u0440\\u0431\\u0430\\u0442 - \\u0411\\u0435\\u043a\\u043e\\u043d\\u0430\\u0439\\u0437\\u0435\\u0440\"}}, {\"added\": {\"name\": \"\\u043f\\u0443\\u043d\\u043a\\u0442 \\u043c\\u0435\\u043d\\u044e \\u0440\\u0435\\u0441\\u0442\\u043e\\u0440\\u0430\\u043d\\u0430\", \"object\": \"Star Gurger \\u0410\\u0440\\u0431\\u0430\\u0442 - \\u0424\\u0438\\u0448 \\u0420\\u043e\\u043b\\u043b\"}}, {\"added\": {\"name\": \"\\u043f\\u0443\\u043d\\u043a\\u0442 \\u043c\\u0435\\u043d\\u044e \\u0440\\u0435\\u0441\\u0442\\u043e\\u0440\\u0430\\u043d\\u0430\", \"object\": \"Star Gurger \\u0410\\u0440\\u0431\\u0430\\u0442 - \\u0428\\u0440\\u0438\\u043c\\u043f \\u0420\\u043e\\u043b\\u043b\"}}]"
  }
},
{
  "model": "admin.logentry",
  "pk": 9,
  "fields": {
    "action_time": "2025-03-04T14:41:11.692Z",
    "user": [
      "admin"
    ],
    "content_type": [
      "foodcartapp",
      "restaurant"
    ],
    "object_id": "2",
    "object_repr": "Star Gurger Цветной",
    "action_flag": 1,
    "change_message": "[{\"added\": {}}, {\"added\": {\"name\": \"\\u043f\\u0443\\u043d\\u043a\\u0442 \\u043c\\u0435\\u043d\\u044e \\u0440\\u0435\\u0441\\u0442\\u043e\\u0440\\u0430\\u043d\\u0430\", \"object\": \"Star Gurger \\u0426\\u0432\\u0435\\u0442\\u043d\\u043e\\u0439 - \\u0421\\u0442\\u0435\\u0439\\u043a\\u0445\\u0430\\u0443\\u0441\"}}, {\"added\": {\"name\": \"\\u043f\\u0443\\u043d\\u043a\\u0442 \\u043c\\u0435\\u043d\\u044e \\u0440\\u0435\\u0441\\u0442\\u043e\\u0440\\u0430\\u043d\\u0430\", \"object\": \"Star Gurger \\u0426\\u0432\\u0435\\u0442\\u043d\\u043e\\u0439 - \\u041b\\u043e\\u043d\\u0433 \\u0427\\u0438\\u0437\\u0431\\u0443\\u0440\\u0433\\u0435\\u0440\"}}, {\"added\": {\"name\": \"\\u043f\\u0443\\u043d\\u043a\\u0442 \\u043c\\u0435\\u043d\\u044e \\u0440\\u0435\\u0441\\u0442\\u043e\\u0440\\u0430\\u043d\\u0430\", \"object\": \"Star Gurger \\u0426\\u0432\\u0435\\u0442\\u043d\\u043e\\u0439 - \\u0422\\u0440\\u043e\\u0439\\u043d\\u043e\\u0439 \\u0412\\u043e\\u043f\\u043f\\u0435\\u0440\"}}, {\"added\": {\"name\": \"\\u043f\\u0443\\u043d\\u043a\\u0442 \\u043c\\u0435\\u043d\\u044e \\u0440\\u0435\\u0441\\u0442\\u043e\\u0440\\u0430\\u043d\\u0430\", \"object\": \"Star Gurger \\u0426\\u0432\\u0435\\u0442\\u043d\\u043e\\u0439 - \\u0411\\u0435\\u043a\\u043e\\u043d\\u0430\\u0439\\u0437\\u0435\\u0440\"}}, {\"added\": {\"name\": \"\\u043f\\u0443\\u043d\\u043a\\u0442 \\u043c\\u0435\\u043d\\u044e \\u0440\\u0435\\u0441\\u0442\\u043e\\u0440\\u0430\\u043d\\u0430\", \"object\": \"Star Gurger \\u0426\\u0432\\u0435\\u0442\\u043d\\u043e\\u0439 - \\u0424\\u0438\\u0448 \\u0420\\u043e\\u043b\\u043b\"}}, {\"added\": {\"name\": \"\\u043f\\u0443\\u043d\\u043a\\u0442 \\u043c\\u0435\\u043d\\u044e \\u0440\\u0435\\u0441\\u0442\\u043e\\u0440\\u0430\\u043d\\u0430\", \"object\": \"Star Gurger \\u0426\\u0432\\u0435\\u0442\\u043d\\u043e\\u0439 - \\u0428\\u0440\\u0438\\u043c\\u043f \\u0420\\u043e\\u043b\\u043b\"}}]"
  }
},
{
  "model": "admin.logentry",
  "pk": 10,
  "fields": {
    "action_time": "2025-03-04T14:42:02.638Z",
    "user": [
      "admin"
    ],
    "content_type": [
      "foodcartapp",
      "restaurant"
    ],
    "object_id": "3",
    "object_repr": "Star Gurger Европейский",
    "action_flag": 1,
    "change_message": "[{\"added\": {}}, {\"added\": {\"name\": \"\\u043f\\u0443\\u043d\\u043a\\u0442 \\u043c\\u0435\\u043d\\u044e \\u0440\\u0435\\u0441\\u0442\\u043e\\u0440\\u0430\\u043d\\u0430\", \"object\": \"Star Gurger \\u0415\\u0432\\u0440\\u043e\\u043f\\u0435\\u0439\\u0441\\u043a\\u0438\\u0439 - \\u0421\\u0442\\u0435\\u0439\\u043a\\u0445\\u0430\\u0443\\u0441\"}}, {\"added\": {\"name\": \"\\u043f\\u0443\\u043d\\u043a\\u0442 \\u043c\\u0435\\u043d\\u044e \\u0440\\u0435\\u0441\\u0442\\u043e\\u0440\\u0430\\u043d\\u0430\", \"object\": \"Star Gurger \\u0415\\u0432\\u0440\\u043e\\u043f\\u0435\\u0439\\u0441\\u043a\\u0438\\u0439 - \\u041b\\u043e\\u043d\\u0433 \\u0427\\u0438\\u0437\\u0431\\u0443\\u0440\\u0433\\u0435\\u0440\"}}, {\"added\": {\"name\": \"\\u043f\\u0443\\u043d\\u043a\\u0442 \\u043c\\u0435\\u043d\\u044e \\u0440\\u0435\\u0441\\u0442\\u043e\\u0440\\u0430\\u043d\\u0430\", \"object\": \"Star Gurger \\u0415\\u0432\\u0440\\u043e\\u043f\\u0435\\u0439\\u0441\\u043a\\u0438\\u0439 - \\u0422\\u0440\\u043e\\u0439\\u043d\\u043e\\u0439 \\u0412\\u043e\\u043f\\u043f\\u0435\\u0440\"}}, {\"added\": {\"name\": \"\\u043f\\u0443\\u043d\\u043a\\u0442 \\u043c\\u0435\\u043d\\u044e \\u0440\\u0435\\u0441\\u0442\\u043e\\u0440\\u0430\\u043d\\u0430\", \"object\": \"Star Gurger \\u0415\\u0432\\u0440\\u043e\\u043f\\u0435\\u0439\\u0441\\u043a\\u0438\\u0439 - \\u0411\\u0435\\u043a\\u043e\\u043d\\u0430\\u0439\\u0437\\u0435\\u0440\"}}, {\"added\": {\"name\": \"\\u043f\\u0443\\u043d\\u043a\\u0442 \\u043c\\u0435\\u043d\\u044e \\u0440\\u0435\\u0441\\u0442\\u043e\\u0440\\u0430\\u043d\\u0430\", \"object\": \"Star Gurger \\u0415\\u0432\\u0440\\u043e\\u043f\\u0435\\u0439\\u0441\\u043a\\u0438\\u0439 - \\u0424\\u0438\\u0448 \\u0420\\u043e\\u043b\\u043b\"}}, {\"added\": {\"name\": \"\\u043f\\u0443\\u043d\\u043a\\u0442 \\u043c\\u0435\\u043d\\u044e \\u0440\\u0435\\u0441\\u0442\\u043e\\u0440\\u0430\\u043d\\u0430\", \"object\": \"Star Gurger \\u0415\\u0432\\u0440\\u043e\\u043f\\u0435\\u0439\\u0441\\u043a\\u0438\\u0439 - \\u0428\\u0440\\u0438\\u043c\\u043f \\u0420\\u043e\\u043b\\u043b\"}}]"
  }
},
{
  "model": "admin.logentry",
  "pk": 11,
  "fields": {
    "action_time": "2025-03-04T19:33:17.191Z",
    "user": [
      "admin"
    ],
    "content_type": [
      "foodcartapp",
      "order"
    ],
    "object_id": "1",
    "object_repr": "Москва, ул. Новый Арбат, 15",
    "action_flag": 3,
    "change_message": ""
  }
},
{
  "model": "admin.logentry",
  "pk": 12,
  "fields": {
    "action_time": "2025-10-07T22:31:07.446Z",
    "user": [
      "admin"
    ],
    "content_type": [
      "foodcartapp",
      "order"
    ],
    "object_id": "52",
    "object_repr": "Москва, пл. Киевского Вокзала, 2",
    "action_flag": 2,
    "change_message": "[]"
  }
},
{
  "model": "admin.logentry",
  "pk": 13,
  "fields": {
    "action_time": "2025-10-07T22:37:32.804Z",
    "user": [
      "admin"
    ],
    "content_type": [
      "foodcartapp",
      "product"
    ],
    "object_id": "3",
    "object_repr": "Тройной Воппер",
    "action_flag": 2,
    "change_message": "[{\"changed\": {\"fields\": [\"\\u0426\\u0435\\u043d\\u0430\"]}}]"
  }
},
{
  "model": "admin.logentry",
  "pk": 14,
  "fields": {
    "action_time": "2025-10-07T22:38:01.467Z",
    "user": [
      "admin"
    ],
    "content_type": [
      "foodcartapp",
      "order"
    ],
    "object_id": "53",
    "object_repr": "Москва, пл. Киевского Вокзала, 2",
    "action_flag": 2,
    "change_message": "[{\"changed\": {\"fields\": [\"Firstname\"]}}]"
  }
},
{
  "model": "admin.logentry",
  "pk": 15,
  "fields": {
    "action_time": "2025-10-08T19:16:24.409Z",
    "user": [
      "admin"
    ],
    "content_type": [
      "foodcartapp",
      "order"
    ],
    "object_id": "3",
    "object_repr": "asassss",
    "action_flag": 2,
    "change_message": "[{\"changed\": {\"fields\": [\"Address\"]}}]"
  }
},
{
  "model": "admin.logentry",
  "pk": 16,
  "fields": {
    "action_time": "2025-10-08T19:16:49.716Z",
    "user": [
      "admin"
    ],
    "content_type": [
      "foodcartapp",
      "order"
    ],
    "object_id": "3",
    "object_repr": "asassss",
    "action_flag": 2,
    "change_message": "[]"
  }
},
{
  "model": "admin.logentry",
  "pk": 17,
  "fields": {
    "action_time": "2025-10-08T19:21:13.889Z",
    "user": [
      "admin"
    ],
    "content_type": [
      "foodcartapp",
      "order"
    ],
    "object_id": "3",
    "object_repr": "asassss",
    "action_flag": 2,
    "change_message": "[]"
  }
},
{
  "model": "admin.logentry",
  "pk": 18,
  "fields": {
    "action_time": "2025-10-08T19:21:37.091Z",
    "user": [
      "admin"
    ],
    "content_type": [
      "foodcartapp",
      "order"
    ],
    "object_id": "3",
    "object_repr": "asassss",
    "action_flag": 2,
    "change_message": "[{\"changed\": {\"fields\": [\"Phonenumber\"]}}]"
  }
},
{
  "model": "admin.logentry",
  "pk": 19,
  "fields": {
    "action_time": "2025-10-08T19:23:18.867Z",
    "user": [
      "admin"
    ],
    "content_type": [
      "foodcartapp",
      "order"
    ],
    "object_id": "32",
    "object_repr": "fdfdvf",
    "action_flag": 2,
    "change_message": "[{\"changed\": {\"fields\": [\"Address\"]}}]"
  }
},
{
  "model": "admin.logentry",
  "pk": 20,
  "fields": {
    "action_time": "2025-10-08T19:29:23.853Z",
    "user": [
      "admin"
    ],
    "content_type": [
      "foodcartapp",
      "order"
    ],
    "object_id": "3",
    "object_repr": "asassss",
    "action_flag": 2,
    "change_message": "[{\"changed\": {\"fields\": [\"Phonenumber\"]}}]"
  }
},
{
  "model": "admin.logentry",
  "pk": 21,
  "fields": {
    "action_time": "2025-10-08T19:29:36.540Z",
    "user": [
      "admin"
    ],
    "content_type": [
      "foodcartapp",
      "order"
    ],
    "object_id": "3",
    "object_repr": "asassss",
    "action_flag": 2,
    "change_message": "[]"
  }
},
{
  "model": "admin.logentry",
  "pk": 22,
  "fields": {
    "action_time": "2025-10-08T19:35:31.339Z",
    "user": [
      "admin"
    ],
    "content_type": [
      "foodcartapp",
      "order"
    ],
    "object_id": "49",
    "object_repr": "Лондоа",
    "action_flag": 2,
    "change_message": "[{\"changed\": {\"fields\": [\"Address\"]}}]"
  }
},
{
  "model": "admin.logentry",
  "pk": 23,
  "fields": {
    "action_time": "2025-10-09T19:42:16.907Z",
    "user": [
      "admin"
    ],
    "content_type": [
      "foodcartapp",
      "order"
    ],
    "object_id": "3",
    "object_repr": "asassss",
    "action_flag": 2,
    "change_message": "[{\"changed\": {\"fields\": [\"\\u0421\\u0442\\u0430\\u0442\\u0443\\u0441\"]}}]"
  }
},
{
  "model": "admin.logentry",
  "pk": 24,
  "fields": {
    "action_time": "2025-10-09T19:43:02.103Z",
    "user": [
      "admin"
    ],
    "content_type": [
      "foodcartapp",
      "order"
    ],
    "object_id": "3",
    "object_repr": "asassss",
    "action_flag": 2,
    "change_message": "[{\"changed\": {\"fields\": [\"\\u0421\\u0442\\u0430\\u0442\\u0443\\u0441\"]}}]"
  }
},
{
  "model": "admin.logentry",
  "pk": 25,
  "fields": {
    "action_time": "2025-10-09T19:44:04.150Z",
    "user": [
      "admin"
    ],
    "content_type": [
      "foodcartapp",
      "order"
    ],
    "object_id": "2",
    "object_repr": "Москва, ул. Новый Арбат, 15",
    "action_flag": 2,
    "change_message": "[{\"changed\": {\"fields\": [\"\\u0421\\u0442\\u0430\\u0442\\u0443\\u0441\"]}}]"
  }
},
{
  "model": "admin.logentry",
  "pk": 26,
  "fields": {
    "action_time": "2025-10-11T23:21:47.610Z",
    "user": [
      "admin"
    ],
    "content_type": [
      "foodcartapp",
      "order"
    ],
    "object_id": "50",
    "object_repr": "Лондон",
    "action_flag": 3,
    "change_message": ""
  }
},
{
  "model": "admin.logentry",
  "pk": 27,
  "fields": {
    "action_time": "2025-10-11T23:21:47.742Z",
    "user": [
      "admin"
    ],
    "content_type": [
      "foodcartapp",
      "order"
    ],
    "object_id": "49",
    "object_repr": "Лондоа",
    "action_flag": 3,
    "change_message": ""
  }
},
{
  "model": "admin.logentry",
  "pk": 28,
  "fields": {
    "action_time": "2025-10-11T23:21:47.831Z",
    "user": [
      "admin"
    ],
    "content_type": [
      "foodcartapp",
      "order"
    ],
    "object_id": "48",
    "object_repr": "Лондон",
    "action_flag": 3,
    "change_message": ""
  }
},
{
  "model": "admin.logentry",
  "pk": 29,
  "fields": {
    "action_time": "2025-10-11T23:21:47.920Z",
    "user": [
      "admin"
    ],
    "content_type": [
      "foodcartapp",
      "order"
    ],
    "object_id": "47",
    "object_repr": "Лондон",
    "action_flag": 3,
    "change_message": ""
  }
},
{
  "model": "admin.logentry",
  "pk": 30,
  "fields": {
    "action_time": "2025-10-11T23:21:47.995Z",
    "user": [
      "admin"
    ],
    "content_type": [
      "foodcartapp",
      "order"
    ],
    "object_id": "46",
    "object_repr": "Москва",
    "action_flag": 3,
    "change_message": ""
  }
},
{
  "model": "admin.logentry",
  "pk": 31,
  "fields": {
    "action_time": "2025-10-11T23:21:48.074Z",
    "user": [
      "admin"
    ],
    "content_type": [
      "foodcartapp",
      "order"
    ],
    "object_id": "45",
    "object_repr": "Москва",
    "action_flag": 3,
    "change_message": ""
  }
},
{
  "model": "admin.logentry",
  "pk": 32,
  "fields": {
    "action_time": "2025-10-11T23:21:48.151Z",
    "user": [
      "admin"
    ],
    "content_type": [
      "foodcartapp",
      "order"
    ],
    "object_id": "44",
    "object_repr": "Москва",
    "action_flag": 3,
    "change_message": ""
  }
},
{
  "model": "admin.logentry",
  "pk": 33,
  "fields": {
    "action_time": "2025-10-11T23:21:48.230Z",
    "user": [
      "admin"
    ],
    "content_type": [
      "foodcartapp",
      "order"
    ],
    "object_id": "43",
    "object_repr": "Москва",
    "action_flag": 3,
    "change_message": ""
  }
},
{
  "model": "admin.logentry",
  "pk": 34,
  "fields": {
    "action_time": "2025-10-11T23:21:48.312Z",
    "user": [
      "admin"
    ],
    "content_type": [
      "foodcartapp",
      "order"
    ],
    "object_id": "42",
    "object_repr": "Москва",
    "action_flag": 3,
    "change_message": ""
  }
},
{
  "model": "admin.logentry",
  "pk": 35,
  "fields": {
    "action_time": "2025-10-11T23:21:48.391Z",
    "user": [
      "admin"
    ],
    "content_type": [
      "foodcartapp",
      "order"
    ],
    "object_id": "41",
    "object_repr": "Москва",
    "action_flag": 3,
    "change_message": ""
  }
},
{
  "model": "admin.logentry",
  "pk": 36,
  "fields": {
    "action_time": "2025-10-11T23:21:48.474Z",
    "user": [
      "admin"
    ],
    "content_type": [
      "foodcartapp",
      "order"
    ],
    "object_id": "40",
    "object_repr": "Москва",
    "action_flag": 3,
    "change_message": ""
  }
},
{
  "model": "admin.logentry",
  "pk": 37,
  "fields": {
    "action_time": "2025-10-11T23:21:48.557Z",
    "user": [
      "admin"
    ],
    "content_type": [
      "foodcartapp",
      "order"
    ],
    "object_id": "39",
    "object_repr": "Москва",
    "action_flag": 3,
    "change_message": ""
  }
},
{
  "model": "admin.logentry",
  "pk": 38,
  "fields": {
    "action_time": "2025-10-11T23:21:48.638Z",
    "user": [
      "admin"
    ],
    "content_type": [
      "foodcartapp",
      "order"
    ],
    "object_id": "38",
    "object_repr": "Москва",
    "action_flag": 3,
    "change_message": ""
  }
},
{
  "model": "admin.logentry",
  "pk": 39,
  "fields": {
    "action_time": "2025-10-11T23:21:48.719Z",
    "user": [
      "admin"
    ],
    "content_type": [
      "foodcartapp",
      "order"
    ],
    "object_id": "37",
    "object_repr": "Москва",
    "action_flag": 3,
    "change_message": ""
  }
},
{
  "model": "admin.logentry",
  "pk": 40,
  "fields": {
    "action_time": "2025-10-11T23:21:48.795Z",
    "user": [
      "admin"
    ],
    "content_type": [
      "foodcartapp",
      "order"
    ],
    "object_id": "36",
    "object_repr": "Москва",
    "action_flag": 3,
    "change_message": ""
  }
},
{
  "model": "admin.logentry",
  "pk": 41,
  "fields": {
    "action_time": "2025-10-11T23:21:48.880Z",
    "user": [
      "admin"
    ],
    "content_type": [
      "foodcartapp",
      "order"
    ],
    "object_id": "35",
    "object_repr": "Москва, ул. Новый Арбат, 15",
    "action_flag": 3,
    "change_message": ""
  }
},
{
  "model": "admin.logentry",
  "pk": 42,
  "fields": {
    "action_time": "2025-10-11T23:21:48.965Z",
    "user": [
      "admin"
    ],
    "content_type": [
      "foodcartapp",
      "order"
    ],
    "object_id": "34",
    "object_repr": "Москва",
    "action_flag": 3,
    "change_message": ""
  }
},
{
  "model": "admin.logentry",
  "pk": 43,
  "fields": {
    "action_time": "2025-10-11T23:21:49.053Z",
    "user": [
      "admin"
    ],
    "content_type": [
      "foodcartapp",
      "order"
    ],
    "object_id": "33",
    "object_repr": "fdfd",
    "action_flag": 3,
    "change_message": ""
  }
},
{
  "model": "admin.logentry",
  "pk": 44,
  "fields": {
    "action_time": "2025-10-11T23:21:49.136Z",
    "user": [
      "admin"
    ],
    "content_type": [
      "foodcartapp",
      "order"
    ],
    "object_id": "32",
    "object_repr": "fdfdvf",
    "action_flag": 3,
    "change_message": ""
  }
},
{
  "model": "admin.logentry",
  "pk": 45,
  "fields": {
    "action_time": "2025-10-11T23:21:49.227Z",
    "user": [
      "admin"
    ],
    "content_type": [
      "foodcartapp",
      "order"
    ],
    "object_id": "31",
    "object_repr": "Москва, ул. Новый Арбат, 15",
    "action_flag": 3,
    "change_message": ""
  }
},
{
  "model": "admin.logentry",
  "pk": 46,
  "fields": {
    "action_time": "2025-10-11T23:21:49.319Z",
    "user": [
      "admin"
    ],
    "content_type": [
      "foodcartapp",
      "order"
    ],
    "object_id": "30",
    "object_repr": "Москва, ул. Новый Арбат, 15",
    "action_flag": 3,
    "change_message": ""
  }
},
{
  "model": "admin.logentry",
  "pk": 47,
  "fields": {
    "action_time": "2025-10-11T23:21:49.402Z",
    "user": [
      "admin"
    ],
    "content_type": [
      "foodcartapp",
      "order"
    ],
    "object_id": "29",
    "object_repr": "Москва",
    "action_flag": 3,
    "change_message": ""
  }
},
{
  "model": "admin.logentry",
  "pk": 48,
  "fields": {
    "action_time": "2025-10-11T23:21:49.481Z",
    "user": [
      "admin"
    ],
    "content_type": [
      "foodcartapp",
      "order"
    ],
    "object_id": "28",
    "object_repr": "Москва",
    "action_flag": 3,
    "change_message": ""
  }
},
{
  "model": "admin.logentry",
  "pk": 49,
  "fields": {
    "action_time": "2025-10-11T23:21:49.561Z",
    "user": [
      "admin"
    ],
    "content_type": [
      "foodcartapp",
      "order"
    ],
    "object_id": "27",
    "object_repr": "Москва, Новый Арбат 10",
    "action_flag": 3,
    "change_message": ""
  }
},
{
  "model": "admin.logentry",
  "pk": 50,
  "fields": {
    "action_time": "2025-10-11T23:21:49.642Z",
    "user": [
      "admin"
    ],
    "content_type": [
      "foodcartapp",
      "order"
    ],
    "object_id": "25",
    "object_repr": "Москва, Новый Арбат 10",
    "action_flag": 3,
    "change_message": ""
  }
},
{
  "model": "admin.logentry",
  "pk": 51,
  "fields": {
    "action_time": "2025-10-11T23:21:49.721Z",
    "user": [
      "admin"
    ],
    "content_type": [
      "foodcartapp",
      "order"
    ],
    "object_id": "22",
    "object_repr": "Москва",
    "action_flag": 3,
    "change_message": ""
  }
},
{
  "model": "admin.logentry",
  "pk": 52,
  "fields": {
    "action_time": "2025-10-11T23:21:49.800Z",
    "user": [
      "admin"
    ],
    "content_type": [
      "foodcartapp",
      "order"
    ],
    "object_id": "19",
    "object_repr": "Москва",
    "action_flag": 3,
    "change_message": ""
  }
},
{
  "model": "admin.logentry",
  "pk": 53,
  "fields": {
    "action_time": "2025-10-11T23:21:49.872Z",
    "user": [
      "admin"
    ],
    "content_type": [
      "foodcartapp",
      "order"
    ],
    "object_id": "18",
    "object_repr": "Москва",
    "action_flag": 3,
    "change_message": ""
  }
},
{
  "model": "admin.logentry",
  "pk": 54,
  "fields": {
    "action_time": "2025-10-11T23:21:49.954Z",
    "user": [
      "admin"
    ],
    "content_type": [
      "foodcartapp",
      "order"
    ],
    "object_id": "17",
    "object_repr": "Москва",
    "action_flag": 3,
    "change_message": ""
  }
},
{
  "model": "admin.logentry",
  "pk": 55,
  "fields": {
    "action_time": "2025-10-11T23:21:50.037Z",
    "user": [
      "admin"
    ],
    "content_type": [
      "foodcartapp",
      "order"
    ],
    "object_id": "16",
    "object_repr": "Москва, ул. Новый Арбат, 15",
    "action_flag": 3,
    "change_message": ""
  }
},
{
  "model": "admin.logentry",
  "pk": 56,
  "fields": {
    "action_time": "2025-10-11T23:21:50.117Z",
    "user": [
      "admin"
    ],
    "content_type": [
      "foodcartapp",
      "order"
    ],
    "object_id": "13",
    "object_repr": "Москва, ул. Новый Арбат, 15",
    "action_flag": 3,
    "change_message": ""
  }
},
{
  "model": "admin.logentry",
  "pk": 57,
  "fields": {
    "action_time": "2025-10-11T23:21:50.190Z",
    "user": [
      "admin"
    ],
    "content_type": [
      "foodcartapp",
      "order"
    ],
    "object_id": "12",
    "object_repr": "Москва, ул. Новый Арбат, 15",
    "action_flag": 3,
    "change_message": ""
  }
},
{
  "model": "admin.logentry",
  "pk": 58,
  "fields": {
    "action_time": "2025-10-11T23:21:50.270Z",
    "user": [
      "admin"
    ],
    "content_type": [
      "foodcartapp",
      "order"
    ],
    "object_id": "11",
    "object_repr": "Москва, ул. Новый Арбат, 15",
    "action_flag": 3,
    "change_message": ""
  }
},
{
  "model": "admin.logentry",
  "pk": 59,
  "fields": {
    "action_time": "2025-10-11T23:21:50.346Z",
    "user": [
      "admin"
    ],
    "content_type": [
      "foodcartapp",
      "order"
    ],
    "object_id": "10",
    "object_repr": "Москва, ул. Новый Арбат, 15",
    "action_flag": 3,
    "change_message": ""
  }
},
{
  "model": "admin.logentry",
  "pk": 60,
  "fields": {
    "action_time": "2025-10-11T23:21:50.432Z",
    "user": [
      "admin"
    ],
    "content_type": [
      "foodcartapp",
      "order"
    ],
    "object_id": "9",
    "object_repr": "Москва, ул. Новый Арбат, 15",
    "action_flag": 3,
    "change_message": ""
  }
},
{
  "model": "admin.logentry",
  "pk": 61,
  "fields": {
    "action_time": "2025-10-11T23:21:50.519Z",
    "user": [
      "admin"
    ],
    "content_type": [
      "foodcartapp",
      "order"
    ],
    "object_id": "8",
    "object_repr": "Москва, ул. Новый Арбат, 15",
    "action_flag": 3,
    "change_message": ""
  }
},
{
  "model": "admin.logentry",
  "pk": 62,
  "fields": {
    "action_time": "2025-10-11T23:21:50.607Z",
    "user": [
      "admin"
    ],
    "content_type": [
      "foodcartapp",
      "order"
    ],
    "object_id": "7",
    "object_repr": "ул. Ленина, 10",
    "action_flag": 3,
    "change_message": ""
  }
},
{
  "model": "admin.logentry",
  "pk": 63,
  "fields": {
    "action_time": "2025-10-11T23:21:50.697Z",
    "user": [
      "admin"
    ],
    "content_type": [
      "foodcartapp",
      "order"
    ],
    "object_id": "6",
    "object_repr": "ул. Ленина, 10",
    "action_flag": 3,
    "change_message": ""
  }
},
{
  "model": "admin.logentry",
  "pk": 64,
  "fields": {
    "action_time": "2025-10-11T23:21:50.783Z",
    "user": [
      "admin"
    ],
    "content_type": [
      "foodcartapp",
      "order"
    ],
    "object_id": "5",
    "object_repr": "ул. Ленина, 10",
    "action_flag": 3,
    "change_message": ""
  }
},
{
  "model": "admin.logentry",
  "pk": 65,
  "fields": {
    "action_time": "2025-10-11T23:21:50.864Z",
    "user": [
      "admin"
    ],
    "content_type": [
      "foodcartapp",
      "order"
    ],
    "object_id": "4",
    "object_repr": "Москва, ул. Новый Арбат, 15",
    "action_flag": 3,
    "change_message": ""
  }
},
{
  "model": "admin.logentry",
  "pk": 66,
  "fields": {
    "action_time": "2025-10-11T23:21:50.944Z",
    "user": [
      "admin"
    ],
    "content_type": [
      "foodcartapp",
      "order"
    ],
    "object_id": "3",
    "object_repr": "asassss",
    "action_flag": 3,
    "change_message": ""
  }
},
{
  "model": "admin.logentry",
  "pk": 67,
  "fields": {
    "action_time": "2025-10-11T23:21:51.025Z",
    "user": [
      "admin"
    ],
    "content_type": [
      "foodcartapp",
      "order"
    ],
    "object_id": "2",
    "object_repr": "Москва, ул. Новый Арбат, 15",
    "action_flag": 3,
    "change_message": ""
  }
},
{
  "model": "admin.logentry",
  "pk": 68,
  "fields": {
    "action_time": "2025-10-20T16:31:40.917Z",
    "user": [
      "admin"
    ],
    "content_type": [
      "foodcartapp",
      "order"
    ],
    "object_id": "14",
    "object_repr": "Заказ №14 (Киев)",
    "action_flag": 2,
    "change_message": "[{\"changed\": {\"fields\": [\"\\u0410\\u0434\\u0440\\u0435\\u0441 \\u0434\\u043e\\u0441\\u0442\\u0430\\u0432\\u043a\\u0438\"]}}]"
  }
}
]
